{
  "project_info": {
    "project_number": "640817289576",
    "project_id": "sign-in-and-log-in-9ee8f",
    "storage_bucket": "sign-in-and-log-in-9ee8f.appspot.com"
  },
  "client": [
    {
      "client_info": {
        "mobilesdk_app_id": "1:640817289576:android:a0c503bc0abe2f29e21edd",
        "android_client_info": {
          "package_name": "com.example.healthapp"
        }
      },
      "oauth_client": [
        {
          "client_id": "640817289576-t5n155qfgc04tl973mje53il9et3bilo.apps.googleusercontent.com",
          "client_type": 3
        }
      ],
      "api_key": [
        {
          "current_key": "AIzaSyDZif0e8HTL_9Qj9n0VmK51Nu8Zb-yfYzE"
        }
      ],
      "services": {
        "appinvite_service": {
          "other_platform_oauth_client": [
            {
              "client_id": "640817289576-t5n155qfgc04tl973mje53il9et3bilo.apps.googleusercontent.com",
              "client_type": 3
            }
          ]
        }
      }
    },
    {
      "client_info": {
        "mobilesdk_app_id": "1:640817289576:android:10b2482cdcf7385ee21edd",
        "android_client_info": {
          "package_name": "com.example.signuploginfirebase"
        }
      },
      "oauth_client": [
        {
          "client_id": "640817289576-t5n155qfgc04tl973mje53il9et3bilo.apps.googleusercontent.com",
          "client_type": 3
        }
      ],
      "api_key": [
        {
          "current_key": "AIzaSyDZif0e8HTL_9Qj9n0VmK51Nu8Zb-yfYzE"
        }
      ],
      "services": {
        "appinvite_service": {
          "other_platform_oauth_client": [
            {
              "client_id": "640817289576-t5n155qfgc04tl973mje53il9et3bilo.apps.googleusercontent.com",
              "client_type": 3
            }
          ]
        }
      }
    }
  ],
  "configuration_version": "1"
}